type,name,module,path,hash
"csv","agent-manifest","_cfg","bmad/_cfg/agent-manifest.csv","953033ddd1a14e9b90b11d32185da0fa875d1a1614f2b057031db65810544ea3"
"csv","task-manifest","_cfg","bmad/_cfg/task-manifest.csv","7fccf1cdffa6d592342f9edd9e13c042fffea2dbcbb79b043fbd69a7e610c875"
"csv","workflow-manifest","_cfg","bmad/_cfg/workflow-manifest.csv","ca13366762e8d1ce4bdd4fde90ac5f213d2ea61a7062170a9bd38e3ec356ee48"
"yaml","manifest","_cfg","bmad/_cfg/manifest.yaml","bf883bebc9c3ff502abebdb998fd1340aff9fa512fb39da93e3d8b8bdaa28924"
"csv","default-party","bmm","bmad/bmm/teams/default-party.csv","92f7c52a3a1441e5139e11e91eddeb4f1bca83e73ddcd291ec36401a1f4c39db"
"csv","documentation-requirements","bmm","bmad/bmm/workflows/document-project/documentation-requirements.csv","d1253b99e88250f2130516b56027ed706e643bfec3d99316727a4c6ec65c6c1d"
"csv","domain-complexity","bmm","bmad/bmm/workflows/2-plan-workflows/prd/domain-complexity.csv","ed4d30e9fd87db2d628fb66cac7a302823ef6ebb3a8da53b9265326f10a54e11"
"csv","pattern-categories","bmm","bmad/bmm/workflows/3-solutioning/architecture/pattern-categories.csv","d9a275931bfed32a65106ce374f2bf8e48ecc9327102a08f53b25818a8c78c04"
"csv","project-types","bmm","bmad/bmm/workflows/2-plan-workflows/prd/project-types.csv","30a52051db3f0e4ff0145b36cd87275e1c633bc6c25104a714c88341e28ae756"
"csv","tea-index","bmm","bmad/bmm/testarch/tea-index.csv","23b0e383d06e039a77bb1611b168a2bb5323ed044619a592ac64e36911066c83"
"json","project-scan-report-schema","bmm","bmad/bmm/workflows/document-project/templates/project-scan-report-schema.json","53255f15a10cab801a1d75b4318cdb0095eed08c51b3323b7e6c236ae6b399b7"
"md","agents-guide","bmm","bmad/bmm/docs/agents-guide.md","d1466c9ac38ddceefc7598282699f0a469383909831f2a70227119c26a20d074"
"md","analyst","bmm","bmad/bmm/agents/analyst.md","df94d81ac144c57b0cfaba1d3ef789714c04dda3a051bea6d89572e4a3957d25"
"md","architect","bmm","bmad/bmm/agents/architect.md","0bccffe78f579b123244d4a6f078ab93a8707ddd93efc42908de06d7a93af14e"
"md","architecture-template","bmm","bmad/bmm/workflows/3-solutioning/architecture/architecture-template.md","a4908c181b04483c589ece1eb09a39f835b8a0dcb871cb624897531c371f5166"
"md","atdd-checklist-template","bmm","bmad/bmm/workflows/testarch/atdd/atdd-checklist-template.md","9944d7b488669bbc6e9ef537566eb2744e2541dad30a9b2d9d4ae4762f66b337"
"md","backlog_template","bmm","bmad/bmm/workflows/4-implementation/code-review/backlog_template.md","84b1381c05012999ff9a8b036b11c8aa2f926db4d840d256b56d2fa5c11f4ef7"
"md","brownfield-guide","bmm","bmad/bmm/docs/brownfield-guide.md","083dbf565e3bbdbbb899b31fb201ec7e98e8cafbba4d5f539fe9019f3a21e8c7"
"md","checklist","bmm","bmad/bmm/workflows/1-analysis/product-brief/checklist.md","d801d792e3cf6f4b3e4c5f264d39a18b2992a197bc347e6d0389cc7b6c5905de"
"md","checklist","bmm","bmad/bmm/workflows/1-analysis/research/checklist.md","eca09a6e7fc21316b11c022395b729dd56a615cbe483932ba65e1c11be9d95ed"
"md","checklist","bmm","bmad/bmm/workflows/2-plan-workflows/create-ux-design/checklist.md","1aa5bc2ad9409fab750ce55475a69ec47b7cdb5f4eac93b628bb5d9d3ea9dacb"
"md","checklist","bmm","bmad/bmm/workflows/2-plan-workflows/prd/checklist.md","9c3f0452b3b520ac2e975bf8b3e0325f07c40ff45d20f79aad610e489167770e"
"md","checklist","bmm","bmad/bmm/workflows/2-plan-workflows/tech-spec/checklist.md","96f45cbdbdc8a654a434c3886d10e7727088313354449c8642ab4dfa5868c50c"
"md","checklist","bmm","bmad/bmm/workflows/3-solutioning/architecture/checklist.md","659be7cf938f64dc5c5f35a2e87cdf07df3dbfbf7db0dbd532761c36b485898a"
"md","checklist","bmm","bmad/bmm/workflows/3-solutioning/solutioning-gate-check/checklist.md","6024d4064ad1010a9bbdbaa830c01adba27c1aba6bf0153d88eee460427af799"
"md","checklist","bmm","bmad/bmm/workflows/4-implementation/code-review/checklist.md","549f958bfe0b28f33ed3dac7b76ea8f266630b3e67f4bda2d4ae85be518d3c89"
"md","checklist","bmm","bmad/bmm/workflows/4-implementation/correct-course/checklist.md","c02bdd4bf4b1f8ea8f7c7babaa485d95f7837818e74cef07486a20b31671f6f5"
"md","checklist","bmm","bmad/bmm/workflows/4-implementation/create-story/checklist.md","e3a636b15f010fc0c337e35c2a9427d4a0b9746f7f2ac5dda0b2f309f469f5d1"
"md","checklist","bmm","bmad/bmm/workflows/4-implementation/dev-story/checklist.md","77cecc9d45050de194300c841e7d8a11f6376e2fbe0a5aac33bb2953b1026014"
"md","checklist","bmm","bmad/bmm/workflows/4-implementation/epic-tech-context/checklist.md","630a0c5b75ea848a74532f8756f01ec12d4f93705a3f61fcde28bc42cdcb3cf3"
"md","checklist","bmm","bmad/bmm/workflows/4-implementation/sprint-planning/checklist.md","80b10aedcf88ab1641b8e5f99c9a400c8fd9014f13ca65befc5c83992e367dd7"
"md","checklist","bmm","bmad/bmm/workflows/4-implementation/story-context/checklist.md","29f17f8b5c0c4ded3f9ca7020b5a950ef05ae3c62c3fadc34fc41b0c129e13ca"
"md","checklist","bmm","bmad/bmm/workflows/document-project/checklist.md","2f1edb9e5e0b003f518b333ae842f344ff94d4dda7df07ba7f30c5b066013a68"
"md","checklist","bmm","bmad/bmm/workflows/testarch/atdd/checklist.md","c4fa594d949dd8f1f818c11054b28643b458ab05ed90cf65f118deb1f4818e9f"
"md","checklist","bmm","bmad/bmm/workflows/testarch/automate/checklist.md","bf1ae220c15c9f263967d1606658b19adcd37d57aef2b0faa30d34f01e5b0d22"
"md","checklist","bmm","bmad/bmm/workflows/testarch/ci/checklist.md","c40143aaf0e34c264a2f737e14a50ec85d861bda78235cf01a3c63413d996dc8"
"md","checklist","bmm","bmad/bmm/workflows/testarch/framework/checklist.md","16cc3aee710abb60fb85d2e92f0010b280e66b38fac963c0955fb36e7417103a"
"md","checklist","bmm","bmad/bmm/workflows/testarch/nfr-assess/checklist.md","044416df40402db39eb660509eedadafc292c16edc247cf93812f2a325ee032c"
"md","checklist","bmm","bmad/bmm/workflows/testarch/test-design/checklist.md","1a7e5e975d5a2bd3afd81e743e5ee3a2aa72571fce250caac24a6643808394eb"
"md","checklist","bmm","bmad/bmm/workflows/testarch/test-review/checklist.md","0626c675114c23019e20e4ae2330a64baba43ad11774ff268c027b3c584a0891"
"md","checklist","bmm","bmad/bmm/workflows/testarch/trace/checklist.md","a4468ae2afa9cf676310ec1351bb34317d5390e4a02ded9684cc15a62f2fd4fd"
"md","checklist-deep-prompt","bmm","bmad/bmm/workflows/1-analysis/research/checklist-deep-prompt.md","5caaa34bd252cf26e50f75d25b6cff8cfaf2f56615f1141cd75225e7d8e9b00a"
"md","checklist-technical","bmm","bmad/bmm/workflows/1-analysis/research/checklist-technical.md","aab903438d953c3b3f5a9b1090346452077db4e3cda3ce5af3a564b52b4487fc"
"md","ci-burn-in","bmm","bmad/bmm/testarch/knowledge/ci-burn-in.md","de0092c37ea5c24b40a1aff90c5560bbe0c6cc31702de55d4ea58c56a2e109af"
"md","component-tdd","bmm","bmad/bmm/testarch/knowledge/component-tdd.md","88bd1f9ca1d5bcd1552828845fe80b86ff3acdf071bac574eda744caf7120ef8"
"md","contract-testing","bmm","bmad/bmm/testarch/knowledge/contract-testing.md","d8f662c286b2ea4772213541c43aebef006ab6b46e8737ebdc4a414621895599"
"md","data-factories","bmm","bmad/bmm/testarch/knowledge/data-factories.md","d7428fe7675da02b6f5c4c03213fc5e542063f61ab033efb47c1c5669b835d88"
"md","deep-dive-instructions","bmm","bmad/bmm/workflows/document-project/workflows/deep-dive-instructions.md","a567fc43c918ca3f77440e75ce2ac7779740550ad848cade130cca1837115c1e"
"md","deep-dive-template","bmm","bmad/bmm/workflows/document-project/templates/deep-dive-template.md","6198aa731d87d6a318b5b8d180fc29b9aa53ff0966e02391c17333818e94ffe9"
"md","dev","bmm","bmad/bmm/agents/dev.md","694b43d454073bbbfa56c8ef843d084deda954710ed5c0f78656e7bd55458268"
"md","documentation-standards","bmm","bmad/bmm/workflows/techdoc/documentation-standards.md","fc26d4daff6b5a73eb7964eacba6a4f5cf8f9810a8c41b6949c4023a4176d853"
"md","email-auth","bmm","bmad/bmm/testarch/knowledge/email-auth.md","43f4cc3138a905a91f4a69f358be6664a790b192811b4dfc238188e826f6b41b"
"md","enterprise-agentic-development","bmm","bmad/bmm/docs/enterprise-agentic-development.md","6e8fa4765da3344a23ae04882df8b0245b37c0a20616968f32487a908836a875"
"md","epics-template","bmm","bmad/bmm/workflows/2-plan-workflows/prd/create-epics-and-stories/epics-template.md","9adb82dfce092b40756578c15eddab540c5c987abd7fcc323f3d76b2999eb115"
"md","epics-template","bmm","bmad/bmm/workflows/2-plan-workflows/tech-spec/epics-template.md","2eb396607543da58e6accdf0617773d9db059632ef8cb069ec745b790274704c"
"md","error-handling","bmm","bmad/bmm/testarch/knowledge/error-handling.md","8a314eafb31e78020e2709d88aaf4445160cbefb3aba788b62d1701557eb81c1"
"md","faq","bmm","bmad/bmm/docs/faq.md","fc0592c32eef96a0003217c5e4f18bee821ff0d35895460819df91395225f083"
"md","feature-flags","bmm","bmad/bmm/testarch/knowledge/feature-flags.md","f6db7e8de2b63ce40a1ceb120a4055fbc2c29454ad8fca5db4e8c065d98f6f49"
"md","fixture-architecture","bmm","bmad/bmm/testarch/knowledge/fixture-architecture.md","a3b6c1bcaf5e925068f3806a3d2179ac11dde7149e404bc4bb5602afb7392501"
"md","full-scan-instructions","bmm","bmad/bmm/workflows/document-project/workflows/full-scan-instructions.md","6c6e0d77b33f41757eed8ebf436d4def69cd6ce412395b047bf5909f66d876aa"
"md","glossary","bmm","bmad/bmm/docs/glossary.md","1b8010c64dd92319b1104de818e97c0faca075496f7c0a4484509836857a589d"
"md","index-template","bmm","bmad/bmm/workflows/document-project/templates/index-template.md","42c8a14f53088e4fda82f26a3fe41dc8a89d4bcb7a9659dd696136378b64ee90"
"md","instructions","bmm","bmad/bmm/workflows/1-analysis/brainstorm-project/instructions.md","91c7b5649b9cc99e3698d1a6b1abd17b7567f4478156c8666107946bc43e51a8"
"md","instructions","bmm","bmad/bmm/workflows/1-analysis/domain-research/instructions.md","fb136f53c9f9c88ac54e810313eb8d1be43167adaeba6ada2a53f0861e558b16"
"md","instructions","bmm","bmad/bmm/workflows/1-analysis/product-brief/instructions.md","7f991b522e45594db77ab51127cdd11c64e87c114ebfdd2a2511ba84234955f8"
"md","instructions","bmm","bmad/bmm/workflows/2-plan-workflows/create-ux-design/instructions.md","7af678c3ac76e7ae5d7a0cbe68972126d9cafddd020f0f8a6153620861028a2e"
"md","instructions","bmm","bmad/bmm/workflows/2-plan-workflows/prd/create-epics-and-stories/instructions.md","6983b5e7f1be98d52bcc4bc9e0cc628dc6ac1349bb483ceb6a428449dc556995"
"md","instructions","bmm","bmad/bmm/workflows/2-plan-workflows/prd/instructions.md","e1bc36d01915dc904ad1acfccbffc387b5faed40279173e6cc33d3b79ec0ae09"
"md","instructions","bmm","bmad/bmm/workflows/2-plan-workflows/tech-spec/instructions.md","80ba666c29721659076ad923459eb3bf3d11dee6a93512b03ca39c53ec21efa0"
"md","instructions","bmm","bmad/bmm/workflows/3-solutioning/architecture/instructions.md","d07487ec495053f2eca4cc0ece05c0efaf5c82a7870a125341e0c55bde75e4b3"
"md","instructions","bmm","bmad/bmm/workflows/3-solutioning/solutioning-gate-check/instructions.md","47b420840fce8b5d2a8c608fd68e69ce3a38f9b52e7679333d0358acbeedc3f8"
"md","instructions","bmm","bmad/bmm/workflows/4-implementation/code-review/instructions.md","608b47fd427649324ece2a5e687d40a99705b06d757f4ba5db5c261985482e41"
"md","instructions","bmm","bmad/bmm/workflows/4-implementation/correct-course/instructions.md","36bdc26a75adcba6aba508f3384512502d6640f96926742666e026f1eb380666"
"md","instructions","bmm","bmad/bmm/workflows/4-implementation/create-story/instructions.md","38179e6b27b944e54bab9d69a12c0945893d70653899b13a5dc33adcc8129dce"
"md","instructions","bmm","bmad/bmm/workflows/4-implementation/dev-story/instructions.md","b3126a4f11f089601297276da36ad3d5e3777973500032e37cb1754b202a3ae4"
"md","instructions","bmm","bmad/bmm/workflows/4-implementation/epic-tech-context/instructions.md","9269596a5626c328963f5362a564f698dbfed7c6a9ef4e4f58d19621b1a664ca"
"md","instructions","bmm","bmad/bmm/workflows/4-implementation/retrospective/instructions.md","095c3eb286825fdc17610049e82a421daffdafaef63051e3e2d50834cce6f2e4"
"md","instructions","bmm","bmad/bmm/workflows/4-implementation/sprint-planning/instructions.md","0456996ca4dc38e832d64b72650c4f6f1048c0ce6e8d996a5a0ec16bc9a589f5"
"md","instructions","bmm","bmad/bmm/workflows/4-implementation/story-context/instructions.md","d7a522e129bd0575f6ffbd19f23bf4fba619a7ce4d007a4c81007b3925dd4389"
"md","instructions","bmm","bmad/bmm/workflows/4-implementation/story-done/instructions.md","52163e1df2e75f1d34cad513b386ac73bada53784e827cca28d0ea9f05dc8ec4"
"md","instructions","bmm","bmad/bmm/workflows/4-implementation/story-ready/instructions.md","21e20a6ba037962b8cf6d818f1f35bf0303232c406e469b2f2e60e9ca3a01a3d"
"md","instructions","bmm","bmad/bmm/workflows/document-project/instructions.md","c67bd666382131bead7d4ace1ac6f0c9acd2d1d1b2a82314b4b90bda3a15eeb4"
"md","instructions","bmm","bmad/bmm/workflows/testarch/atdd/instructions.md","dcd052e78a069e9548d66ba679ed5db66e94b8ef5b3a02696837b77a641abcad"
"md","instructions","bmm","bmad/bmm/workflows/testarch/automate/instructions.md","8e6cb0167b14b345946bb7e46ab2fb02a9ff2faab9c3de34848e2d4586626960"
"md","instructions","bmm","bmad/bmm/workflows/testarch/ci/instructions.md","abdf97208c19d0cb76f9e5387613a730e56ddd90eb87523a8c8f1b03f20647a3"
"md","instructions","bmm","bmad/bmm/workflows/testarch/framework/instructions.md","936b9770dca2c65b38bc33e2e85ccf61e0b5722fc046eeae159a3efcbc361e30"
"md","instructions","bmm","bmad/bmm/workflows/testarch/nfr-assess/instructions.md","7de16907253721c8baae2612be35325c6fa543765377783763a09739fa71f072"
"md","instructions","bmm","bmad/bmm/workflows/testarch/test-design/instructions.md","027328b73d710cc034e4ea0768fc5ecb45933ec2a28df0703977397986b9dab3"
"md","instructions","bmm","bmad/bmm/workflows/testarch/test-review/instructions.md","ab2f7adfd106652014a1573e2557cfd4c9d0f7017258d68abf8b1470ab82720e"
"md","instructions","bmm","bmad/bmm/workflows/testarch/trace/instructions.md","fe499a09c4bebbff0a0bce763ced2c36bee5c36b268a4abb4e964a309ff2fa20"
"md","instructions","bmm","bmad/bmm/workflows/workflow-status/init/instructions.md","1bde40c25656d87af6da4ebaa37660d71735124d290cb294a0aa5eeb1fc144f1"
"md","instructions","bmm","bmad/bmm/workflows/workflow-status/instructions.md","1faa787f278a2ee95b418e82475be6f24a09f4bb566f5544c8585ed410cf62b2"
"md","instructions-deep-prompt","bmm","bmad/bmm/workflows/1-analysis/research/instructions-deep-prompt.md","62a1acf5bdfd600b6a785d9d304e5342b3d55478208f767d7e64d74fad462a98"
"md","instructions-generate-stories","bmm","bmad/bmm/workflows/2-plan-workflows/tech-spec/instructions-generate-stories.md","69bcb6f27bd2685627d63bf19fcb8ffaf759bd9e86cff38eca0103945fe42fd6"
"md","instructions-market","bmm","bmad/bmm/workflows/1-analysis/research/instructions-market.md","e61fffae8818b0cf91c247c9f3ab5312f6837795a8a0532151bec2657ffc2c35"
"md","instructions-router","bmm","bmad/bmm/workflows/1-analysis/research/instructions-router.md","a55dae293e8a97fc6f6672cd57f3d1f7c94802954c9124a8cc4eec12fb667c71"
"md","instructions-technical","bmm","bmad/bmm/workflows/1-analysis/research/instructions-technical.md","6d4697325e28a432ee1bfe962a9ab7c108d3849d1d3beaf9a1aa214b6a2a2fb5"
"md","network-first","bmm","bmad/bmm/testarch/knowledge/network-first.md","2920e58e145626f5505bcb75e263dbd0e6ac79a8c4c2ec138f5329e06a6ac014"
"md","nfr-criteria","bmm","bmad/bmm/testarch/knowledge/nfr-criteria.md","e63cee4a0193e4858c8f70ff33a497a1b97d13a69da66f60ed5c9a9853025aa1"
"md","nfr-report-template","bmm","bmad/bmm/workflows/testarch/nfr-assess/nfr-report-template.md","b1d8fcbdfc9715a285a58cb161242dea7d311171c09a2caab118ad8ace62b80c"
"md","party-mode","bmm","bmad/bmm/docs/party-mode.md","7acadc96c7235695a88cba42b5642e1ee3a7f96eb2264862f629e1d4280b9761"
"md","playwright-config","bmm","bmad/bmm/testarch/knowledge/playwright-config.md","42516511104a7131775f4446196cf9e5dd3295ba3272d5a5030660b1dffaa69f"
"md","pm","bmm","bmad/bmm/agents/pm.md","aa81c0c1495cbc2683886dbd271c2107e941a50facb667ee078290700a1ee94c"
"md","prd-template","bmm","bmad/bmm/workflows/2-plan-workflows/prd/prd-template.md","ffadc040c4480093683dccc5856c03786e46c6e99bb5cb8b8aee35827157d6c9"
"md","probability-impact","bmm","bmad/bmm/testarch/knowledge/probability-impact.md","446dba0caa1eb162734514f35366f8c38ed3666528b0b5e16c7f03fd3c537d0f"
"md","project-context","bmm","bmad/bmm/workflows/1-analysis/brainstorm-project/project-context.md","0f1888da4bfc4f24c4de9477bd3ccb2a6fb7aa83c516dfdc1f98fbd08846d4ba"
"md","project-overview-template","bmm","bmad/bmm/workflows/document-project/templates/project-overview-template.md","a7c7325b75a5a678dca391b9b69b1e3409cfbe6da95e70443ed3ace164e287b2"
"md","quick-spec-flow","bmm","bmad/bmm/docs/quick-spec-flow.md","215d508d27ea94e0091fc32f8dce22fadf990b3b9d8b397e2c393436934f85af"
"md","quick-start","bmm","bmad/bmm/docs/quick-start.md","88946558a87bd2eb38990cff74f29b6ef4f81db6f961500f9ca626d168cd0fce"
"md","README","bmm","bmad/bmm/README.md","ad4e6d0c002e3a5fef1b695bda79e245fe5a43345375c699165b32d6fc511457"
"md","README","bmm","bmad/bmm/docs/README.md","27a835cbc5ed50e4b076d8f0d9454c8e6b6826e69d72ec010df904e891023493"
"md","risk-governance","bmm","bmad/bmm/testarch/knowledge/risk-governance.md","2fa2bc3979c4f6d4e1dec09facb2d446f2a4fbc80107b11fc41cbef2b8d65d68"
"md","scale-adaptive-system","bmm","bmad/bmm/docs/scale-adaptive-system.md","f1bdaac7e6cf96dc115d8fd86c7dc499892ad745a1330221fedbaae1188c6a24"
"md","selective-testing","bmm","bmad/bmm/testarch/knowledge/selective-testing.md","c14c8e1bcc309dbb86a60f65bc921abf5a855c18a753e0c0654a108eb3eb1f1c"
"md","selector-resilience","bmm","bmad/bmm/testarch/knowledge/selector-resilience.md","a55c25a340f1cd10811802665754a3f4eab0c82868fea61fea9cc61aa47ac179"
"md","sm","bmm","bmad/bmm/agents/sm.md","8370b431164f37726475c8f2d27b94a6505917aade94644951f9132472856e04"
"md","source-tree-template","bmm","bmad/bmm/workflows/document-project/templates/source-tree-template.md","109bc335ebb22f932b37c24cdc777a351264191825444a4d147c9b82a1e2ad7a"
"md","tea","bmm","bmad/bmm/agents/tea.md","fbeee866cf7ddbe7a296f0f8f199b8ff6c2e9189804e971ebc187872fea604f8"
"md","tech-spec-template","bmm","bmad/bmm/workflows/2-plan-workflows/tech-spec/tech-spec-template.md","2b07373b7b23f71849f107b8fd4356fef71ba5ad88d7f333f05547da1d3be313"
"md","tech-writer","bmm","bmad/bmm/agents/tech-writer.md","2b9b3a1a00cad9c0cf8855a0a22d3c25f60e23e3b5d83c7e3a85ed094cf18832"
"md","template","bmm","bmad/bmm/workflows/1-analysis/domain-research/template.md","5606843f77007d886cc7ecf1fcfddd1f6dfa3be599239c67eff1d8e40585b083"
"md","template","bmm","bmad/bmm/workflows/1-analysis/product-brief/template.md","96f89df7a4dabac6400de0f1d1abe1f2d4713b76fe9433f31c8a885e20d5a5b4"
"md","template","bmm","bmad/bmm/workflows/3-solutioning/solutioning-gate-check/template.md","11c3b7573991c001a7f7780daaf5e5dfa4c46c3ea1f250c5bbf86c5e9f13fc8b"
"md","template","bmm","bmad/bmm/workflows/4-implementation/create-story/template.md","83c5d21312c0f2060888a2a8ba8332b60f7e5ebeb9b24c9ee59ba96114afb9c9"
"md","template","bmm","bmad/bmm/workflows/4-implementation/epic-tech-context/template.md","b5c5d0686453b7c9880d5b45727023f2f6f8d6e491b47267efa8f968f20074e3"
"md","template-deep-prompt","bmm","bmad/bmm/workflows/1-analysis/research/template-deep-prompt.md","2e65c7d6c56e0fa3c994e9eb8e6685409d84bc3e4d198ea462fa78e06c1c0932"
"md","template-market","bmm","bmad/bmm/workflows/1-analysis/research/template-market.md","e5e59774f57b2f9b56cb817c298c02965b92c7d00affbca442366638cd74d9ca"
"md","template-technical","bmm","bmad/bmm/workflows/1-analysis/research/template-technical.md","78caa56ba6eb6922925e5aab4ed4a8245fe744b63c245be29a0612135851f4ca"
"md","test-architecture","bmm","bmad/bmm/docs/test-architecture.md","13342dd006b91cd445dcf5a868541b1cf59b40022227e8c87b66669862e993bf"
"md","test-design-template","bmm","bmad/bmm/workflows/testarch/test-design/test-design-template.md","0902ec300d59458bcfc2df24da2622b607b557f26e6d407e093b7c7dbc515ba5"
"md","test-healing-patterns","bmm","bmad/bmm/testarch/knowledge/test-healing-patterns.md","b44f7db1ebb1c20ca4ef02d12cae95f692876aee02689605d4b15fe728d28fdf"
"md","test-levels-framework","bmm","bmad/bmm/testarch/knowledge/test-levels-framework.md","80bbac7959a47a2e7e7de82613296f906954d571d2d64ece13381c1a0b480237"
"md","test-priorities-matrix","bmm","bmad/bmm/testarch/knowledge/test-priorities-matrix.md","321c3b708cc19892884be0166afa2a7197028e5474acaf7bc65c17ac861964a5"
"md","test-quality","bmm","bmad/bmm/testarch/knowledge/test-quality.md","97b6db474df0ec7a98a15fd2ae49671bb8e0ddf22963f3c4c47917bb75c05b90"
"md","test-review-template","bmm","bmad/bmm/workflows/testarch/test-review/test-review-template.md","3e68a73c48eebf2e0b5bb329a2af9e80554ef443f8cd16652e8343788f249072"
"md","timing-debugging","bmm","bmad/bmm/testarch/knowledge/timing-debugging.md","c4c87539bbd3fd961369bb1d7066135d18c6aad7ecd70256ab5ec3b26a8777d9"
"md","trace-template","bmm","bmad/bmm/workflows/testarch/trace/trace-template.md","5453a8e4f61b294a1fc0ba42aec83223ae1bcd5c33d7ae0de6de992e3ee42b43"
"md","user-story-template","bmm","bmad/bmm/workflows/2-plan-workflows/tech-spec/user-story-template.md","4b179d52088745060991e7cfd853da7d6ce5ac0aa051118c9cecea8d59bdaf87"
"md","ux-design-template","bmm","bmad/bmm/workflows/2-plan-workflows/create-ux-design/ux-design-template.md","f9b8ae0fe08c6a23c63815ddd8ed43183c796f266ffe408f3426af1f13b956db"
"md","ux-designer","bmm","bmad/bmm/agents/ux-designer.md","a91fcbfda96b68dd43ae382819c025c34188e579b511f95f78674ec129e4d37c"
"md","visual-debugging","bmm","bmad/bmm/testarch/knowledge/visual-debugging.md","072a3d30ba6d22d5e628fc26a08f6e03f8b696e49d5a4445f37749ce5cd4a8a9"
"md","workflow-architecture-reference","bmm","bmad/bmm/docs/workflow-architecture-reference.md","ce6c43a7f90e7b31655dd1bc9632cda700e105315f5ef25067319792274b2283"
"md","workflow-document-project-reference","bmm","bmad/bmm/docs/workflow-document-project-reference.md","464819d23cc4bc88b20c8a668669ae7a6bc7bcb5e4aaa1d0f0998f35ff7ad8df"
"md","workflows-analysis","bmm","bmad/bmm/docs/workflows-analysis.md","4dd00c829adcf881ecb96e083f754a4ce109159cfdaff8a5a856590ba33f1d74"
"md","workflows-implementation","bmm","bmad/bmm/docs/workflows-implementation.md","d9d22fd7e11a5586f4c93d38f88fd93e4203d31d3388ad2d0de439cc8d35df79"
"md","workflows-planning","bmm","bmad/bmm/docs/workflows-planning.md","b713c4b5c3275daa8285fa5e8a18d9e2b6d38c66cbb77e302c15b40ea9bb3029"
"md","workflows-solutioning","bmm","bmad/bmm/docs/workflows-solutioning.md","193b6bfdafcf802b9ff6f39d1bea4fe09d788e3b2bbfe9ff034019c9a3fba696"
"xml","context-template","bmm","bmad/bmm/workflows/4-implementation/story-context/context-template.xml","582374f4d216ba60f1179745b319bbc2becc2ac92d7d8a19ac3273381a5c2549"
"yaml","analyst.agent","bmm","bmad/bmm/agents/analyst.agent.yaml",""
"yaml","architect.agent","bmm","bmad/bmm/agents/architect.agent.yaml",""
"yaml","architecture-patterns","bmm","bmad/bmm/workflows/3-solutioning/architecture/architecture-patterns.yaml","00b9878fd753b756eec16a9f416b4975945d6439e1343673540da4bccb0b83f5"
"yaml","config","bmm","bmad/bmm/config.yaml","b97d869696649c6dabac5123d501ec4b85482b03eb4fe3cfd6aab4a2fdad4183"
"yaml","decision-catalog","bmm","bmad/bmm/workflows/3-solutioning/architecture/decision-catalog.yaml","f7fc2ed6ec6c4bd78ec808ad70d24751b53b4835e0aad1088057371f545d3c82"
"yaml","deep-dive","bmm","bmad/bmm/workflows/document-project/workflows/deep-dive.yaml","c401fb8d94ca96f3bb0ccc1146269e1bfa4ce4eadab52bd63c7fcff6c2f26216"
"yaml","dev.agent","bmm","bmad/bmm/agents/dev.agent.yaml",""
"yaml","enterprise-brownfield","bmm","bmad/bmm/workflows/workflow-status/paths/enterprise-brownfield.yaml","157df1d36380a7f77d4f04ed133791abc1c69384b7d72ac64d27245f1af1c7a9"
"yaml","enterprise-greenfield","bmm","bmad/bmm/workflows/workflow-status/paths/enterprise-greenfield.yaml","a03e23a034feb34ca5b6860ae04291f2691ee02948037e1a74ace714dc2b5207"
"yaml","full-scan","bmm","bmad/bmm/workflows/document-project/workflows/full-scan.yaml","3d2e620b58902ab63e2d83304180ecd22ba5ab07183b3afb47261343647bde6f"
"yaml","game-design","bmm","bmad/bmm/workflows/workflow-status/paths/game-design.yaml","f5228c1cd593348f03824535e19a6c41b926a49a0c63ca320a2cd2e0d8b11976"
"yaml","github-actions-template","bmm","bmad/bmm/workflows/testarch/ci/github-actions-template.yaml","28c0de7c96481c5a7719596c85dd0ce8b5dc450d360aeaa7ebf6294dcf4bea4c"
"yaml","gitlab-ci-template","bmm","bmad/bmm/workflows/testarch/ci/gitlab-ci-template.yaml","bc83b9240ad255c6c2a99bf863b9e519f736c99aeb4b1e341b07620d54581fdc"
"yaml","injections","bmm","bmad/bmm/workflows/1-analysis/research/claude-code/injections.yaml","dd6dd6e722bf661c3c51d25cc97a1e8ca9c21d517ec0372e469364ba2cf1fa8b"
"yaml","method-brownfield","bmm","bmad/bmm/workflows/workflow-status/paths/method-brownfield.yaml","194f9037e768245980ab1bf2a8b422c100a1782a6d9c0e9697a43918ddfd834e"
"yaml","method-greenfield","bmm","bmad/bmm/workflows/workflow-status/paths/method-greenfield.yaml","1839eed204a33aea8b57b7cd6d741b7985224052ee2a81db7efe037c257cf764"
"yaml","pm.agent","bmm","bmad/bmm/agents/pm.agent.yaml",""
"yaml","project-levels","bmm","bmad/bmm/workflows/workflow-status/project-levels.yaml","414b9aefff3cfe864e8c14b55595abfe3157fd20d9ee11bb349a2b8c8e8b5449"
"yaml","quick-flow-brownfield","bmm","bmad/bmm/workflows/workflow-status/paths/quick-flow-brownfield.yaml","0d8837a07efaefe06b29c1e58fee982fafe6bbb40c096699bd64faed8e56ebf8"
"yaml","quick-flow-greenfield","bmm","bmad/bmm/workflows/workflow-status/paths/quick-flow-greenfield.yaml","c6eae1a3ef86e87bd48a285b11989809526498dc15386fa949279f2e77b011d5"
"yaml","sm.agent","bmm","bmad/bmm/agents/sm.agent.yaml",""
"yaml","sprint-status-template","bmm","bmad/bmm/workflows/4-implementation/sprint-planning/sprint-status-template.yaml","1b9f6bc7955c9caedfc14e0bbfa01e3f4fd5f720a91142fb6e9027431f965a48"
"yaml","tea.agent","bmm","bmad/bmm/agents/tea.agent.yaml",""
"yaml","team-fullstack","bmm","bmad/bmm/teams/team-fullstack.yaml","da8346b10dfad8e1164a11abeb3b0a84a1d8b5f04e01e8490a44ffca477a1b96"
"yaml","tech-writer.agent","bmm","bmad/bmm/agents/tech-writer.agent.yaml",""
"yaml","ux-designer.agent","bmm","bmad/bmm/agents/ux-designer.agent.yaml",""
"yaml","workflow","bmm","bmad/bmm/workflows/1-analysis/brainstorm-project/workflow.yaml","38d859ea65db2cc2eebb0dbf1679711dad92710d8da2c2d9753b852055abd970"
"yaml","workflow","bmm","bmad/bmm/workflows/1-analysis/domain-research/workflow.yaml","919fb482ff0d94e836445f0321baea2426c30207eb01c899aa977e8bcc7fcac7"
"yaml","workflow","bmm","bmad/bmm/workflows/1-analysis/product-brief/workflow.yaml","0eda3b49c75ba08d3ad060e60d23d3123c989a349538598aeeebd74056624f82"
"yaml","workflow","bmm","bmad/bmm/workflows/1-analysis/research/workflow.yaml","3489d4989ad781f67909269e76b439122246d667d771cbb64988e4624ee2572a"
"yaml","workflow","bmm","bmad/bmm/workflows/2-plan-workflows/create-ux-design/workflow.yaml","02dad07e822ae68d3fd90dd8cdf7267af3b2ea2593556f7c44a9b70880c91746"
"yaml","workflow","bmm","bmad/bmm/workflows/2-plan-workflows/prd/create-epics-and-stories/workflow.yaml","c6ed008d778558e81c81d19aef619b1ce88e37d83cf8dfbb850d6829a7acf815"
"yaml","workflow","bmm","bmad/bmm/workflows/2-plan-workflows/prd/workflow.yaml","8d7191cd4138c58705406c6a2f0cf6b1b0577f0f8df5c7ec160cdefb37872a90"
"yaml","workflow","bmm","bmad/bmm/workflows/2-plan-workflows/tech-spec/workflow.yaml","c5e70f912925c77db14acd7d0d0fa6a949b91ded393e24726b95ac2ce600d09b"
"yaml","workflow","bmm","bmad/bmm/workflows/3-solutioning/architecture/workflow.yaml","30eb824435d6489c8b6b63a70ce48b6473e29b438dfb8abf03fbe39ff3d2f722"
"yaml","workflow","bmm","bmad/bmm/workflows/3-solutioning/solutioning-gate-check/workflow.yaml","2902aae9eca7fe09a8bcf67e114de213563347c5e3236df4a1255ae4f613c7d6"
"yaml","workflow","bmm","bmad/bmm/workflows/4-implementation/code-review/workflow.yaml","19fd5c20c031c93f9704901eeb2bf5e5448e78062e1e615733cb3bf9a4c7d740"
"yaml","workflow","bmm","bmad/bmm/workflows/4-implementation/correct-course/workflow.yaml","8f18d63a910afb3cdc966a9c06673b4b69d2a89d63c6666040dc3fd6da781fab"
"yaml","workflow","bmm","bmad/bmm/workflows/4-implementation/create-story/workflow.yaml","c1b49a329e419a0832e9a0a0c9ba7349a45c4d6d8916a001c11a2d6ca8dfc521"
"yaml","workflow","bmm","bmad/bmm/workflows/4-implementation/dev-story/workflow.yaml","ab65b1a30b1a1873225ebcf15b6135bfd63361eb8186f595c4e1ead9afbc6c6b"
"yaml","workflow","bmm","bmad/bmm/workflows/4-implementation/epic-tech-context/workflow.yaml","7a73e5841954faf7fd49ced263bd629c8362cd5410c8e31df6003c4adfd36332"
"yaml","workflow","bmm","bmad/bmm/workflows/4-implementation/retrospective/workflow.yaml","5c0a7fd5b84c07e9f4b1260a764045f878e5d4f8496890611941cc60d095451c"
"yaml","workflow","bmm","bmad/bmm/workflows/4-implementation/sprint-planning/workflow.yaml","0d9a7167ab5df268e118422abe1cddde3b58b516091e1dffe8636763e444e4a3"
"yaml","workflow","bmm","bmad/bmm/workflows/4-implementation/story-context/workflow.yaml","4739e50d908b10d42cef975bc37902941ae2b008bf452d9a0f31f28f80c82972"
"yaml","workflow","bmm","bmad/bmm/workflows/4-implementation/story-done/workflow.yaml","c55568088bbbc6d4c3c3c19a2428d670bbdd87166ad100a0bd983bda9914e33c"
"yaml","workflow","bmm","bmad/bmm/workflows/4-implementation/story-ready/workflow.yaml","a4a322305f77a73bc265af81d124129f13457f0aceda535adda86efc3d538bcb"
"yaml","workflow","bmm","bmad/bmm/workflows/document-project/workflow.yaml","36b65f562bb94eb819728d819e66fd5a23d1b98d1766050c998fd6feaf3df8f6"
"yaml","workflow","bmm","bmad/bmm/workflows/testarch/atdd/workflow.yaml","06474fa7f23657d4145a214771a68e7d894e4488cc5a82c943dad765601f48be"
"yaml","workflow","bmm","bmad/bmm/workflows/testarch/automate/workflow.yaml","e733691f1613e6c55d28a42f745cf396a6f62b62968ff9c42cdb53b2ac3cadcb"
"yaml","workflow","bmm","bmad/bmm/workflows/testarch/ci/workflow.yaml","87ca4dceeaa74f6c151d4add6541ed9b8376aa3015c9e4532c8bfc1b93e0abe9"
"yaml","workflow","bmm","bmad/bmm/workflows/testarch/framework/workflow.yaml","e2efafaeabfe9c608df7545e442f25e0518e50b9b48d5bcef61cf5e0b1daadb0"
"yaml","workflow","bmm","bmad/bmm/workflows/testarch/nfr-assess/workflow.yaml","5bf4a2dede46943bb449ac51cc07335d350cfb8a270f82fffbe5fae921ac6d72"
"yaml","workflow","bmm","bmad/bmm/workflows/testarch/test-design/workflow.yaml","e476fa12a87497121f9d2d7ac4217f75de71b4f6ea3dc6048547e61b8bebc599"
"yaml","workflow","bmm","bmad/bmm/workflows/testarch/test-review/workflow.yaml","7c05fab368e2211c97bc9ba92556d6047de4535a28792731215151ef8bf497c5"
"yaml","workflow","bmm","bmad/bmm/workflows/testarch/trace/workflow.yaml","51c96a9c007ca3ef2d39fa199f2d8c7cb33506b20775ef51f80624fc272cd66f"
"yaml","workflow","bmm","bmad/bmm/workflows/workflow-status/init/workflow.yaml","3f54117211a421790df59c6c0a15d6ba6be33a001489d013870f939aaa649436"
"yaml","workflow","bmm","bmad/bmm/workflows/workflow-status/workflow.yaml","6a1ad67ec954660fd8e7433b55ab3b75e768f7efa33aad36cf98cdbc2ef6575b"
"yaml","workflow-status-template","bmm","bmad/bmm/workflows/workflow-status/workflow-status-template.yaml","0ec9c95f1690b7b7786ffb4ab10663c93b775647ad58e283805092e1e830a0d9"
"csv","default-party","cis","bmad/cis/teams/default-party.csv","352ab9a0809da706759e265da66f91884b80a6270fe85ff7f7fe8cbba61fa3a2"
"csv","design-methods","cis","bmad/cis/workflows/design-thinking/design-methods.csv","6735e9777620398e35b7b8ccb21e9263d9164241c3b9973eb76f5112fb3a8fc9"
"csv","innovation-frameworks","cis","bmad/cis/workflows/innovation-strategy/innovation-frameworks.csv","9a14473b1d667467172d8d161e91829c174e476a030a983f12ec6af249c4e42f"
"csv","solving-methods","cis","bmad/cis/workflows/problem-solving/solving-methods.csv","aa15c3a862523f20c199600d8d4d0a23fce1001010d7efc29a71abe537d42995"
"csv","story-types","cis","bmad/cis/workflows/storytelling/story-types.csv","ec5a3c713617bf7e2cf7db439303dd8f3363daa2f6db20a350c82260ade88bdb"
"md","brainstorming-coach","cis","bmad/cis/agents/brainstorming-coach.md","593e8f91ce0e20343af49fffb99e650ff828c390446b879e3da019d5ee4138b5"
"md","creative-problem-solver","cis","bmad/cis/agents/creative-problem-solver.md","6c71da0e7ab6dfda6ec7fbfe137352fafff50000a11ea76d52af3388956df355"
"md","design-thinking-coach","cis","bmad/cis/agents/design-thinking-coach.md","c99c06777bc00ff21668f50420a17fa7d42e2037696a45b4cfa6fadf29a722c1"
"md","innovation-strategist","cis","bmad/cis/agents/innovation-strategist.md","c807b2983fdf9419c61064c72c7f4c71fe64578224c6390821a83b9de64f06b2"
"md","instructions","cis","bmad/cis/workflows/design-thinking/instructions.md","9cbcc76146036f37081f4f26662387d0b054aedd129c998d820c1b4c8f25c9bd"
"md","instructions","cis","bmad/cis/workflows/innovation-strategy/instructions.md","5cb701bd9f656a165ec853984cf8163eebc19034129bb9360bb19564e407db43"
"md","instructions","cis","bmad/cis/workflows/problem-solving/instructions.md","caa996c5a2d14d1993c93664b09d6594d33f6a89b419b343d0bf7540217cb341"
"md","instructions","cis","bmad/cis/workflows/storytelling/instructions.md","f0aad32f46badbb2b916af245cdae27b49986fcae548793eb783624ee0ace295"
"md","README","cis","bmad/cis/README.md","aa493c5bc9b1f5db0c46e8ece9c5d9d10b5d1d4d0d3ea0c102b002df62d4eac8"
"md","README","cis","bmad/cis/agents/README.md","304fac869ca6a76660df270bb92af6394f3c98e8fd3ec36c9ea69c3e65f3f965"
"md","README","cis","bmad/cis/workflows/README.md","013f3bf86267a29506aebc3c58826316381295476030d0a6a29f4cc90c91174e"
"md","README","cis","bmad/cis/workflows/design-thinking/README.md","0a38f88352dc4674f6e1f55a67ffebf403bf329c874a21a49ce7834c08f91f62"
"md","README","cis","bmad/cis/workflows/innovation-strategy/README.md","820a9e734fadf2cfac94d499cec2e4b41a54d054c0d2f6b9819da319beee4fb9"
"md","README","cis","bmad/cis/workflows/problem-solving/README.md","a5e75b9899751d7aabffcf65785f10d4d2e0455f8c7c541e8a143e3babceca8b"
"md","README","cis","bmad/cis/workflows/storytelling/README.md","1bad4223dce51cb5a7ab8c116467f78037a4583d3a840210ee2f160ad15b71ee"
"md","storyteller","cis","bmad/cis/agents/storyteller.md","2e4d6be860c5c35c26d5e8aa0115cc5a2c7c418e8c21a889d97ea5bbcf98f4f0"
"md","template","cis","bmad/cis/workflows/design-thinking/template.md","7834c387ac0412c841b49a9fcdd8043f5ce053e5cb26993548cf4d31b561f6f0"
"md","template","cis","bmad/cis/workflows/innovation-strategy/template.md","3e649531c0d8ac94e147159cd456aa0e1726439e8518c3ccc2ad08fc486aed59"
"md","template","cis","bmad/cis/workflows/problem-solving/template.md","6c9efd7ac7b10010bd9911db16c2fbdca01fb0c306d871fa6381eef700b45608"
"md","template","cis","bmad/cis/workflows/storytelling/template.md","461981aa772ef2df238070cbec90fc40995df2a71a8c22225b90c91afed57452"
"yaml","brainstorming-coach.agent","cis","bmad/cis/agents/brainstorming-coach.agent.yaml",""
"yaml","config","cis","bmad/cis/config.yaml","4b076ebaebfc47d3df1a94a687c4006301b17e6e667e3d5eb2d019dcd2e5aff3"
"yaml","creative-problem-solver.agent","cis","bmad/cis/agents/creative-problem-solver.agent.yaml",""
"yaml","creative-squad","cis","bmad/cis/teams/creative-squad.yaml","25407cf0ebdf5b10884cd03c86068e04715ef270ada93a3b64cb9907b62c71cf"
"yaml","design-thinking-coach.agent","cis","bmad/cis/agents/design-thinking-coach.agent.yaml",""
"yaml","innovation-strategist.agent","cis","bmad/cis/agents/innovation-strategist.agent.yaml",""
"yaml","storyteller.agent","cis","bmad/cis/agents/storyteller.agent.yaml",""
"yaml","workflow","cis","bmad/cis/workflows/design-thinking/workflow.yaml","072b1bcafb69b7b4658015f956681c962b742cd84f158b94b9fdc61ac1982334"
"yaml","workflow","cis","bmad/cis/workflows/innovation-strategy/workflow.yaml","a33fc601a48fdec8863e784cdd425fc7a211bb542bbacd425e76eba8565e17d3"
"yaml","workflow","cis","bmad/cis/workflows/problem-solving/workflow.yaml","66444d53a81b53c1e39bd1d90c4e4f9efbf4f74c282ebe185b69808b1f48e528"
"yaml","workflow","cis","bmad/cis/workflows/storytelling/workflow.yaml","cd611d6e662bd04d96b682b91c43723ac7f9b66fbb04d0e915872b0549b38cb8"
"csv","adv-elicit-methods","core","bmad/core/tasks/adv-elicit-methods.csv","b4e925870f902862899f12934e617c3b4fe002d1b652c99922b30fa93482533b"
"csv","brain-methods","core","bmad/core/workflows/brainstorming/brain-methods.csv","ecffe2f0ba263aac872b2d2c95a3f7b1556da2a980aa0edd3764ffb2f11889f3"
"md","bmad-master","core","bmad/core/agents/bmad-master.md","684b7872611e5979fbe420e0c96e9910355e181b49aed0317d872381e154e299"
"md","instructions","core","bmad/core/workflows/brainstorming/instructions.md","fb4757564c03e1624e74f6ee344b286db3c2f7db23d2a8007152d807304cd3a6"
"md","instructions","core","bmad/core/workflows/party-mode/instructions.md","768a835653fea54cbf4f7136e19f968add5ccf4b1dbce5636c5268d74b1b7181"
"md","README","core","bmad/core/workflows/brainstorming/README.md","57564ec8cb336945da8b7cab536076c437ff6c61a628664964058c76f4cd1360"
"md","template","core","bmad/core/workflows/brainstorming/template.md","f2fe173a1a4bb1fba514652b314e83f7d78c68d09fb68071f9c2e61ee9f61576"
"xml","advanced-elicitation","core","bmad/core/tasks/advanced-elicitation.xml","afb4020a20d26c92a694b77523426915b6e9665afb80ef5f76aded7f1d626ba6"
"xml","bmad-web-orchestrator.agent","core","bmad/core/agents/bmad-web-orchestrator.agent.xml","75ef761956ab5d8631e9a2514e3ce27c7cf0ecf34c8c29428d9a671b7cd3d8f2"
"xml","index-docs","core","bmad/core/tasks/index-docs.xml","c6a9d79628fd1246ef29e296438b238d21c68f50eadb16219ac9d6200cf03628"
"xml","shard-doc","core","bmad/core/tools/shard-doc.xml","3bebe52247b7afc02fe55db603dc3eb63cb12833d721cd8e577101847c70e2a4"
"xml","validate-workflow","core","bmad/core/tasks/validate-workflow.xml","63580411c759ee317e58da8bda6ceba27dbf9d3742f39c5c705afcd27361a9ee"
"xml","workflow","core","bmad/core/tasks/workflow.xml","dcf69e99ec2996b85da1de9fac3715ae5428270d07817c40f04ae880fcc233fc"
"yaml","bmad-master.agent","core","bmad/core/agents/bmad-master.agent.yaml",""
"yaml","config","core","bmad/core/config.yaml","08756543a34dd13a29c4fc86cfb7602a6252eca551c7ac08fab286801ce46997"
"yaml","workflow","core","bmad/core/workflows/brainstorming/workflow.yaml","0af588d7096facdd79c701b37463b6a0e497b0b4339a951d7d3342d8a48fe6c1"
"yaml","workflow","core","bmad/core/workflows/party-mode/workflow.yaml","413879486320edfe88501892ea68cb88f6d44dcd54e9c12fb24b0ae4dbdb81dc"
